<?xml version="1.0"?>
<pnp:Provisioning xmlns:pnp="http://schemas.dev.office.com/PnP/2019/09/ProvisioningSchema">
  <pnp:Preferences Author="Fresh Team" Version="3.4" Generator="Fresh"/>

  <pnp:Templates ID="CONTAINER-FRESH-APPS">
    <pnp:ProvisioningTemplate ID="FRESH-APPS" DisplayName="Apps" Version="1.0">

      <pnp:ApplicationLifecycleManagement>
        <pnp:Apps>
          <!-- candc-fresh-contentwebparts -->
          <pnp:App AppId="AA76022B-F3EB-4B27-9545-1B4CBA749354" Action="Install" />
          <!-- candc-fresh-usercentricwebparts -->
          <pnp:App AppId="BB76022B-F3EB-4B27-9545-1B4CBA7493BB" Action="Install" />
          <!-- candc-fresh-intranetwebparts -->
          <pnp:App AppId="8B2A1001-3781-4D2E-905E-38DA32F065C5" Action="Install" />
          <!-- candc-fresh-governanceadmin -->
          <pnp:App AppId="12615EE3-4208-4CA7-941B-886A6A4006C3" Action="Install" />
          <!-- candc-fresh-coredwp -->
          <pnp:App AppId="61DFEC6E-F352-4981-B106-232811E85E6B" Action="Install" />
          <!-- candc-fresh-coreweb -->
          <pnp:App AppId="49179684-69AD-459E-BEF2-1957A58661CD" Action="Install" />
          <!-- candc-fresh-governance -->
          <pnp:App AppId="38FFDAE8-A301-4EFE-B1FE-B25ABE9B4BF7" Action="Install" />
          <!-- candc-fresh-coremedia -->
          <pnp:App AppId="AAD798EB-6724-4266-9411-112764BBFB10" Action="Install" />
        </pnp:Apps>
      </pnp:ApplicationLifecycleManagement>

    </pnp:ProvisioningTemplate>
  </pnp:Templates>
</pnp:Provisioning>