<?xml version="1.0"?>
<pnp:Provisioning xmlns:pnp="http://schemas.dev.office.com/PnP/2019/09/ProvisioningSchema">
  <pnp:Preferences Author="Fresh Team" Version="3.4" Generator="Fresh"/>
  <pnp:Templates ID="CONTAINER-FRESH-LIBRARIES">
    <pnp:ProvisioningTemplate ID="FRESH-LIBRARIES" Version="1" BaseSiteTemplate="SITEPAGEPUBLISHING#0" Scope="RootSite">

      <pnp:Lists>
        <pnp:ListInstance Title="Site Pages" Description="" DocumentTemplate="" TemplateType="119" Url="SitePages" EnableVersioning="true" EnableMinorVersions="true" MinorVersionLimit="500" MaxVersionLimit="500" DraftVersionVisibility="1" TemplateFeatureID="00bfea71-c796-4402-9f2f-0eb9a6e71b18" ContentTypesEnabled="true" EnableAttachments="false" EnableFolderCreation="false" DefaultDisplayFormUrl="{site}/SitePages/Forms/DispForm.aspx" DefaultEditFormUrl="{site}/SitePages/Forms/EditForm.aspx" DefaultNewFormUrl="{site}/SitePages/Forms/Upload.aspx" ImageUrl="/_layouts/15/images/itdl.png?rev=44" IrmExpire="false" IrmReject="false" IsApplicationList="true" ValidationFormula="" ValidationMessage="">
          <pnp:ContentTypeBindings>
            <pnp:ContentTypeBinding ContentTypeID="0x0101009D1CB255DA76424F860D91F20E6C4118" Default="true" />
            <pnp:ContentTypeBinding ContentTypeID="0x0120" />
            <pnp:ContentTypeBinding ContentTypeID="0x0101009D1CB255DA76424F860D91F20E6C4118002A50BFCFB7614729B56886FADA02339B" />
          </pnp:ContentTypeBindings>
          <pnp:FieldRefs>
            <pnp:FieldRef ID="84641813-a20f-4c7b-8b3d-87720525551d" Name="CandC_Tax_1TaxHTField" Hidden="true" DisplayName="" />
            <pnp:FieldRef ID="97d13533-fea9-4a34-a472-cdde2a29b5b4" Name="CandC_Tax_2TaxHTField" Hidden="true" DisplayName="" />
            <pnp:FieldRef ID="2bdfadfd-1cd0-4226-87cd-a2e75d382585" Name="CandC_Tax_3TaxHTField" Hidden="true" DisplayName="" />
            <pnp:FieldRef ID="90e85f51-4973-46c9-aea3-64075d8cd763" Name="CandC_Tax_4TaxHTField" Hidden="true" DisplayName="" />
            <pnp:FieldRef ID="E14D4B64-1F8E-4D21-8BE9-53E28075F3BE" Name="CandC_Tax_5TaxHTField" Hidden="true" DisplayName="" />
            <pnp:FieldRef ID="4B73AA45-441C-47F6-B9D3-3AFADC785A37" Name="CandC_Tax_6TaxHTField" Hidden="true" DisplayName="" />
            <pnp:FieldRef ID="B9BBD514-7787-4A6D-A800-ADE0F4C6413F" Name="CandC_Tax_7TaxHTField" Hidden="true" DisplayName="" />
            <pnp:FieldRef ID="C3540778-D1BF-4436-9067-23DC30229F96" Name="CandC_Tax_8TaxHTField" Hidden="true" DisplayName="" />
            <pnp:FieldRef ID="4B83B477-98B4-4171-A1A4-C88DA36D4A41" Name="CandC_Tax_9TaxHTField" Hidden="true" DisplayName="" />
            <pnp:FieldRef ID="A5C46886-9631-470A-8DFE-DED24ED95CB9" Name="CandC_Tax_10TaxHTField" Hidden="true" DisplayName="" />
            <pnp:FieldRef ID="4c42c0a3-b7f5-4885-9cca-5ab5cb2bf46a" Name="CandC_ChannelTaxHTField" Hidden="true" DisplayName="" />
            <pnp:FieldRef ID="b7f54c41-2ca3-9cca-4885-5f46ab5cb2b1" Name="CandC_ColorTaxHTField" Hidden="true" DisplayName="" />
            <pnp:FieldRef ID="f3b0adf9-c1a2-4b02-920d-943fba4b3611" Name="TaxCatchAll" Hidden="true" DisplayName="" />
            <pnp:FieldRef ID="8f6b6dd8-9357-4019-8172-966fcd502ed2" Name="TaxCatchAllLabel" Hidden="true" DisplayName="" />
            <pnp:FieldRef ID="d9837f5b-5555-4f55-bee3-5bfdccd53aac" Name="CandC_PublishedDate" DisplayName="" />
            <pnp:FieldRef ID="956879bc-b750-42e5-80ef-ff5a4195370e" Name="CandC_PublishedExpirationDate" DisplayName="" />
            <pnp:FieldRef ID="f0f184d7-0b9b-444f-94bc-10343587c733" Name="CandC_Tax_1" DisplayName="" />
            <pnp:FieldRef ID="6454b680-6f34-4f01-97ca-34334082f070" Name="CandC_Tax_2" DisplayName="" />
            <pnp:FieldRef ID="759fb41c-e9f4-4f8d-a428-53bd45fa9de8" Name="CandC_Tax_3" DisplayName="" />
            <pnp:FieldRef ID="7884c4a6-666a-4c96-8d95-b481dcac504b" Name="CandC_Tax_4" DisplayName="" />
            <pnp:FieldRef ID="8EC7B074-A3BE-4541-ACC0-5FFDCCE0B2ED" Name="CandC_Tax_5" DisplayName="" />
            <pnp:FieldRef ID="265A5956-1C57-4A67-958F-C252AEFD9F60" Name="CandC_Tax_6" DisplayName="" />
            <pnp:FieldRef ID="95B187BC-B8E0-4CC3-9D90-48D038784E6D" Name="CandC_Tax_7" DisplayName="" />
            <pnp:FieldRef ID="36CCCF54-ED80-4BEF-98CB-CA575C7AD017" Name="CandC_Tax_8" DisplayName="" />
            <pnp:FieldRef ID="81DAB1E9-BF23-431A-894E-22AAA1B0DC17" Name="CandC_Tax_9" DisplayName="" />
            <pnp:FieldRef ID="1B62C29A-9B19-45AC-8630-B0F6FCF2C32A" Name="CandC_Tax_10" DisplayName="" />
            <pnp:FieldRef ID="eaf95a96-4fff-4308-aee0-e51225523065" Name="CandC_Channel" DisplayName="" />
            <pnp:FieldRef ID="5a9eaf96-f112-4aaa-4118-51225523e166" Name="CandC_Color" DisplayName="" />
            <pnp:FieldRef ID="f0b78a7d-5887-4c20-9df0-678d1e4309a3" Name="CandC_ReviewDate" DisplayName="" />
            <pnp:FieldRef ID="a0eb6a43-aed9-4c3f-a01d-6afa3dc2a7e6" Name="CandC_ContentOwner" DisplayName="" />
          </pnp:FieldRefs>
        </pnp:ListInstance>

        <pnp:ListInstance Title="Documents" Description="" DocumentTemplate="{site}/Shared Documents/Forms/template.dotx" OnQuickLaunch="true" TemplateType="101" Url="Shared Documents" EnableVersioning="true" MinorVersionLimit="0" MaxVersionLimit="500" DraftVersionVisibility="0" TemplateFeatureID="00bfea71-e717-4e80-aa17-d0c71b360101" ContentTypesEnabled="true" EnableAttachments="false" DefaultDisplayFormUrl="{site}/Shared Documents/Forms/DispForm.aspx" DefaultEditFormUrl="{site}/Shared Documents/Forms/EditForm.aspx" DefaultNewFormUrl="{site}/Shared Documents/Forms/Upload.aspx" ImageUrl="/_layouts/15/images/itdl.png?rev=44" IsApplicationList="false" ValidationFormula="" ValidationMessage="">
          <pnp:ContentTypeBindings>
            <pnp:ContentTypeBinding ContentTypeID="0x01010036DF8ACB058DF9489700B19236AAD594" Default="true" />
            <pnp:ContentTypeBinding ContentTypeID="0x0120" />
          </pnp:ContentTypeBindings>
          <pnp:Views>
            <View Name="{B1AD49A0-FAF5-47F5-98A3-0C731EDEAA59}" DefaultView="TRUE" MobileView="TRUE" MobileDefaultView="TRUE" Type="HTML" DisplayName="All Documents" Url="{site}/Shared Documents/Forms/AllItems.aspx" Level="1" BaseViewID="1" ContentTypeID="0x" ImageUrl="/_layouts/15/images/dlicon.png?rev=45">
              <Query>
                <OrderBy>
                  <FieldRef Name="FileLeafRef" />
                </OrderBy>
              </Query>
              <ViewFields>
                <FieldRef Name="DocIcon" />
                <FieldRef Name="LinkFilename" />
                <FieldRef Name="Title" />
                <FieldRef Name="Modified" />
                <FieldRef Name="Editor" />
                <FieldRef Name="CandC_Featured" />
                <FieldRef Name="CandC_Description" />
                <FieldRef Name="CandC_Tax_1" />
                <FieldRef Name="CandC_Tax_2" />
                <FieldRef Name="CandC_Tax_3" />
                <FieldRef Name="CandC_Tax_4" />
                <FieldRef Name="CandC_Tax_5" />
                <FieldRef Name="CandC_Tax_6" />
                <FieldRef Name="CandC_Tax_7" />
                <FieldRef Name="CandC_Tax_8" />
                <FieldRef Name="CandC_Tax_9" />
                <FieldRef Name="CandC_Tax_10" />
              </ViewFields>
              <RowLimit Paged="TRUE">30</RowLimit>
              <Aggregations Value="Off" />
              <JSLink>clienttemplates.js</JSLink>
            </View>
          </pnp:Views>
        </pnp:ListInstance>

        <pnp:ListInstance Title="Site Assets" Description="Use this library to store files which are included on pages within this site, such as images on Wiki pages." DocumentTemplate="{site}/SiteAssets/Forms/template.doc" TemplateType="101" Url="SiteAssets" EnableVersioning="true" MinorVersionLimit="0" MaxVersionLimit="500" DraftVersionVisibility="0" TemplateFeatureID="00bfea71-e717-4e80-aa17-d0c71b360101" EnableAttachments="false" DefaultDisplayFormUrl="{site}/SiteAssets/Forms/DispForm.aspx" DefaultEditFormUrl="{site}/SiteAssets/Forms/EditForm.aspx" DefaultNewFormUrl="{site}/SiteAssets/Forms/Upload.aspx" ImageUrl="/_layouts/15/images/itdl.png?rev=44" IrmExpire="false" IrmReject="false" IsApplicationList="true" ValidationFormula="" ValidationMessage="">
          <pnp:ContentTypeBindings>
            <pnp:ContentTypeBinding ContentTypeID="0x0101" Default="true" />
            <pnp:ContentTypeBinding ContentTypeID="0x0120" />
          </pnp:ContentTypeBindings>
          <pnp:Views>
            <View Name="{BEF022AA-3673-4A32-A130-64618DBC6E7E}" DefaultView="TRUE" MobileView="TRUE" MobileDefaultView="TRUE" Type="HTML" DisplayName="All Documents" Url="/sites/hub/SiteAssets/Forms/AllItems.aspx" Level="1" BaseViewID="1" ContentTypeID="0x" ImageUrl="/_layouts/15/images/dlicon.png?rev=45">
              <Query>
                <OrderBy>
                  <FieldRef Name="FileLeafRef" />
                </OrderBy>
              </Query>
              <ViewFields>
                <FieldRef Name="DocIcon" />
                <FieldRef Name="LinkFilename" />
                <FieldRef Name="Modified" />
                <FieldRef Name="Editor" />
              </ViewFields>
              <RowLimit Paged="TRUE">30</RowLimit>
              <JSLink>clienttemplates.js</JSLink>
            </View>
          </pnp:Views>
          <pnp:Fields>
            <Field ID="{d1cff744-ba61-4189-94d6-97d0a9eb4f6a}" Type="Text" DisplayName="Tags" Name="MediaServiceAutoTags" Group="_Hidden" Hidden="FALSE" Sealed="TRUE" ReadOnly="TRUE" ShowInNewForm="FALSE" ShowInDisplayForm="FALSE" ShowInEditForm="FALSE" ShowInListSettings="FALSE" Viewable="FALSE" Json="FALSE" SourceID="{{listid:Site Assets}}" StaticName="MediaServiceAutoTags" ColName="nvarchar14" RowOrdinal="0" />
          </pnp:Fields>
          <pnp:FieldRefs>
            <pnp:FieldRef ID="3a6b296c-3f50-445c-a13f-9c679ea9dda3" Name="ComplianceAssetId" DisplayName="Compliance Asset Id" />
            <pnp:FieldRef ID="ccc1037f-f65e-434a-868e-8c98af31fe29" Name="_ComplianceFlags" DisplayName="Label setting" />
            <pnp:FieldRef ID="d4b6480a-4bed-4094-9a52-30181ea38f1d" Name="_ComplianceTag" DisplayName="Retention label" />
            <pnp:FieldRef ID="92be610e-ddbb-49f4-b3b1-5c2bc768df8f" Name="_ComplianceTagWrittenTime" DisplayName="Retention label Applied" />
            <pnp:FieldRef ID="418d7676-2d6f-42cf-a16a-e43d2971252a" Name="_ComplianceTagUserId" DisplayName="Label applied by" />
            <pnp:FieldRef ID="8382d247-72a9-44b1-9794-7b177edc89f3" Name="_IsRecord" DisplayName="Item is a Record" />
            <pnp:FieldRef ID="d307dff3-340f-44a2-9f4b-fbfe1ba07459" Name="_CommentCount" DisplayName="Comment count" />
            <pnp:FieldRef ID="db8d9d6d-dc9a-4fbd-85f3-4a753bfdc58c" Name="_LikeCount" DisplayName="Like count" />
          </pnp:FieldRefs>
        </pnp:ListInstance>

      </pnp:Lists>
    </pnp:ProvisioningTemplate>
  </pnp:Templates>
</pnp:Provisioning>