<?xml version="1.0"?>
<pnp:Provisioning xmlns:pnp="http://schemas.dev.office.com/PnP/2019/09/ProvisioningSchema">
  <pnp:Preferences Author="Fresh Team" Version="3.4" Generator="Fresh">
    <pnp:Parameters>
      <pnp:Parameter Key="FreshTax1FieldName">Organisational Structure</pnp:Parameter>
      <pnp:Parameter Key="FreshTax1TermSetGuid">BBDFB5AE-8A37-494C-A9B6-8C7453832401</pnp:Parameter>
      <pnp:Parameter Key="FreshTax2FieldName">Language</pnp:Parameter>
      <pnp:Parameter Key="FreshTax2TermSetGuid">BB6985C2-47A7-4382-B500-CEE91BB5D202</pnp:Parameter>
      <pnp:Parameter Key="FreshTax3FieldName">Product Group</pnp:Parameter>
      <pnp:Parameter Key="FreshTax3TermSetGuid">BB49EC7D-4818-4F2C-ACA0-A90E63CD7E03</pnp:Parameter>
      <pnp:Parameter Key="FreshTax4FieldName">Process</pnp:Parameter>
      <pnp:Parameter Key="FreshTax4TermSetGuid">BB1B6ED5-F220-445B-8BF3-912803E6F404</pnp:Parameter>
      <pnp:Parameter Key="FreshTax5FieldName">Topic</pnp:Parameter>
      <pnp:Parameter Key="FreshTax5TermSetGuid">BB274D36-8EBF-4F56-B569-A32134EABD05</pnp:Parameter>
      <pnp:Parameter Key="FreshTax6FieldName">Category</pnp:Parameter>
      <pnp:Parameter Key="FreshTax6TermSetGuid">BBC67A30-A2BD-4017-9AA0-F889D2241F06</pnp:Parameter>
      <pnp:Parameter Key="FreshTax7FieldName">Process Step</pnp:Parameter>
      <pnp:Parameter Key="FreshTax7TermSetGuid">BB2C20B4-5661-439D-B9B2-5A3635338407</pnp:Parameter>
      <pnp:Parameter Key="FreshTax8FieldName">Country</pnp:Parameter>
      <pnp:Parameter Key="FreshTax8TermSetGuid">BB25581D-52FC-4EE0-9E94-F4865444B708</pnp:Parameter>
      <pnp:Parameter Key="FreshTax9FieldName">Site Purpose</pnp:Parameter>
      <pnp:Parameter Key="FreshTax9TermSetGuid">BB91137D-C576-4619-AE8F-7ACA2483CE09</pnp:Parameter>
      <pnp:Parameter Key="FreshTax10FieldName">Document Type</pnp:Parameter>
      <pnp:Parameter Key="FreshTax10TermSetGuid">BB8BD4F8-11D7-4AC0-A952-433AB2C9DD10</pnp:Parameter>
    </pnp:Parameters>
  </pnp:Preferences>

  <pnp:Templates ID="CONTAINER-FRESH-TAX-FIELDS">

    <pnp:ProvisioningTemplate ID="FRESH-TAX-FIELDS" Version="1" BaseSiteTemplate="SITEPAGEPUBLISHING#0" Scope="RootSite">

      <pnp:Features>
        <pnp:SiteFeatures>
          <pnp:Feature ID="73ef14b1-13a9-416b-a9b5-ececa2b0604c" Description="Taxonomy feature" />
        </pnp:SiteFeatures>
      </pnp:Features>

      <pnp:SiteFields>

        <Field StaticName="CandC_Tax_1TaxHTField" Name="CandC_Tax_1TaxHTField" DisplayName="CandC_Tax_1TaxHTField" ID="{84641813-a20f-4c7b-8b3d-87720525551d}" Type="Note" Group="Fresh Columns" ShowInViewForms="FALSE" Hidden="TRUE" Required="FALSE" />

        <Field StaticName="CandC_Tax_2TaxHTField" Name="CandC_Tax_2TaxHTField" DisplayName="CandC_Tax_2TaxHTField" ID="{97d13533-fea9-4a34-a472-cdde2a29b5b4}" Type="Note" Group="Fresh Columns" ShowInViewForms="FALSE" Hidden="TRUE" Required="FALSE" />

        <Field StaticName="CandC_Tax_3TaxHTField" Name="CandC_Tax_3TaxHTField" DisplayName="CandC_Tax_3TaxHTField" ID="{2bdfadfd-1cd0-4226-87cd-a2e75d382585}" Type="Note" Group="Fresh Columns" ShowInViewForms="FALSE" Hidden="TRUE" Required="FALSE" />

        <Field StaticName="CandC_Tax_4TaxHTField" Name="CandC_Tax_4TaxHTField" DisplayName="CandC_Tax_4TaxHTField" ID="{90e85f51-4973-46c9-aea3-64075d8cd763}" Type="Note" Group="Fresh Columns" ShowInViewForms="FALSE" Hidden="TRUE" Required="FALSE" />

        <Field StaticName="CandC_Tax_5TaxHTField" Name="CandC_Tax_5TaxHTField" DisplayName="CandC_Tax_5TaxHTField" ID="{E14D4B64-1F8E-4D21-8BE9-53E28075F3BE}" Type="Note" Group="Fresh Columns" ShowInViewForms="FALSE" Hidden="TRUE" Required="FALSE" />

        <Field StaticName="CandC_Tax_6TaxHTField" Name="CandC_Tax_6TaxHTField" DisplayName="CandC_Tax_6TaxHTField" ID="{4B73AA45-441C-47F6-B9D3-3AFADC785A37}" Type="Note" Group="Fresh Columns" ShowInViewForms="FALSE" Hidden="TRUE" Required="FALSE" />

        <Field StaticName="CandC_Tax_7TaxHTField" Name="CandC_Tax_7TaxHTField" DisplayName="CandC_Tax_7TaxHTField" ID="{B9BBD514-7787-4A6D-A800-ADE0F4C6413F}" Type="Note" Group="Fresh Columns" ShowInViewForms="FALSE" Hidden="TRUE" Required="FALSE" />

        <Field StaticName="CandC_Tax_8TaxHTField" Name="CandC_Tax_8TaxHTField" DisplayName="CandC_Tax_8TaxHTField" ID="{C3540778-D1BF-4436-9067-23DC30229F96}" Type="Note" Group="Fresh Columns" ShowInViewForms="FALSE" Hidden="TRUE" Required="FALSE" />

        <Field StaticName="CandC_Tax_9TaxHTField" Name="CandC_Tax_9TaxHTField" DisplayName="CandC_Tax_9TaxHTField" ID="{4B83B477-98B4-4171-A1A4-C88DA36D4A41}" Type="Note" Group="Fresh Columns" ShowInViewForms="FALSE" Hidden="TRUE" Required="FALSE" />

        <Field StaticName="CandC_Tax_10TaxHTField" Name="CandC_Tax_10TaxHTField" DisplayName="CandC_Tax_10TaxHTField" ID="{A5C46886-9631-470A-8DFE-DED24ED95CB9}" Type="Note" Group="Fresh Columns" ShowInViewForms="FALSE" Hidden="TRUE" Required="FALSE" />

        <Field StaticName="CandC_ChannelTaxHTField" Name="CandC_ChannelTaxHTField" DisplayName="CandC_ChannelTaxHTField" ID="{4c42c0a3-b7f5-4885-9cca-5ab5cb2bf46a}" Type="Note" Group="Fresh Columns" ShowInViewForms="FALSE" Hidden="TRUE" Required="FALSE" />

        <Field StaticName="CandC_ColorTaxHTField" Name="CandC_ColorTaxHTField" DisplayName="CandC_ColorTaxHTField" ID="{b7f54c41-2ca3-9cca-4885-5f46ab5cb2b1}" Type="Note" Group="Fresh Columns" ShowInViewForms="FALSE" Hidden="TRUE" Required="FALSE" />

        <Field StaticName="CandC_Tax_1" Name="CandC_Tax_1" DisplayName="{parameter:FreshTax1FieldName}" ID="{f0f184d7-0b9b-444f-94bc-10343587c733}" Type="TaxonomyFieldTypeMulti" Required="FALSE" ShowField="Term1033" EnforceUniqueValues="FALSE" DisplaceOnUpgrade="TRUE" Mult="TRUE" Group="Fresh Columns">
          <Customization>
            <ArrayOfProperty>
              <Property>
                <Name>SspId</Name>
                <Value xmlns:q1="http://www.w3.org/2001/XMLSchema" p4:type="q1:string"
                  xmlns:p4="http://www.w3.org/2001/XMLSchema-instance">{sitecollectiontermstoreid}</Value>
              </Property>
              <Property>
                <Name>GroupId</Name>
              </Property>
              <Property>
                <Name>TermSetId</Name>
                <Value xmlns:q3="http://www.w3.org/2001/XMLSchema" p4:type="q3:string"
                  xmlns:p4="http://www.w3.org/2001/XMLSchema-instance">{parameter:FreshTax1TermSetGuid}</Value>
              </Property>
              <Property>
                <Name>AnchorId</Name>
                <Value xmlns:q4="http://www.w3.org/2001/XMLSchema" p4:type="q4:string"
                  xmlns:p4="http://www.w3.org/2001/XMLSchema-instance">00000000-0000-0000-0000-000000000000</Value>
              </Property>
              <Property>
                <Name>UserCreated</Name>
                <Value xmlns:q5="http://www.w3.org/2001/XMLSchema" p4:type="q5:boolean"
                  xmlns:p4="http://www.w3.org/2001/XMLSchema-instance">false</Value>
              </Property>
              <Property>
                <Name>Open</Name>
                <Value xmlns:q6="http://www.w3.org/2001/XMLSchema" p4:type="q6:boolean"
                  xmlns:p4="http://www.w3.org/2001/XMLSchema-instance">false</Value>
              </Property>
              <Property>
                <Name>TextField</Name>
                <Value xmlns:q7="http://www.w3.org/2001/XMLSchema" p4:type="q7:string"
                  xmlns:p4="http://www.w3.org/2001/XMLSchema-instance">{84641813-a20f-4c7b-8b3d-87720525551d}</Value>
              </Property>
              <Property>
                <Name>IsPathRendered</Name>
                <Value xmlns:q8="http://www.w3.org/2001/XMLSchema" p4:type="q8:boolean"
                  xmlns:p4="http://www.w3.org/2001/XMLSchema-instance">false</Value>
              </Property>
              <Property>
                <Name>IsKeyword</Name>
                <Value xmlns:q9="http://www.w3.org/2001/XMLSchema" p4:type="q9:boolean"
                  xmlns:p4="http://www.w3.org/2001/XMLSchema-instance">false</Value>
              </Property>
              <Property>
                <Name>TargetTemplate</Name>
              </Property>
              <Property>
                <Name>CreateValuesInEditForm</Name>
                <Value xmlns:q10="http://www.w3.org/2001/XMLSchema" p4:type="q10:boolean"
                  xmlns:p4="http://www.w3.org/2001/XMLSchema-instance">true</Value>
              </Property>
              <Property>
                <Name>FilterAssemblyStrongName</Name>
                <Value xmlns:q11="http://www.w3.org/2001/XMLSchema" p4:type="q11:string"
                  xmlns:p4="http://www.w3.org/2001/XMLSchema-instance">Microsoft.SharePoint.Taxonomy, Version=16.0.0.0, Culture=neutral, PublicKeyToken=71e9bce111e9429c</Value>
              </Property>
              <Property>
                <Name>FilterClassName</Name>
                <Value xmlns:q12="http://www.w3.org/2001/XMLSchema" p4:type="q12:string"
                  xmlns:p4="http://www.w3.org/2001/XMLSchema-instance">Microsoft.SharePoint.Taxonomy.TaxonomyField</Value>
              </Property>
              <Property>
                <Name>FilterMethodName</Name>
                <Value xmlns:q13="http://www.w3.org/2001/XMLSchema" p4:type="q13:string"
                  xmlns:p4="http://www.w3.org/2001/XMLSchema-instance">GetFilteringHtml</Value>
              </Property>
              <Property>
                <Name>FilterJavascriptProperty</Name>
                <Value xmlns:q14="http://www.w3.org/2001/XMLSchema" p4:type="q14:string"
                  xmlns:p4="http://www.w3.org/2001/XMLSchema-instance">FilteringJavascript</Value>
              </Property>
            </ArrayOfProperty>
          </Customization>
        </Field>

        <Field StaticName="CandC_Tax_2" Name="CandC_Tax_2" DisplayName="{parameter:FreshTax2FieldName}" ID="{6454b680-6f34-4f01-97ca-34334082f070}" Type="TaxonomyFieldTypeMulti" Required="FALSE" ShowField="Term1033" EnforceUniqueValues="FALSE" DisplaceOnUpgrade="TRUE" Mult="TRUE" Group="Fresh Columns">
          <Customization>
            <ArrayOfProperty>
              <Property>
                <Name>SspId</Name>
                <Value xmlns:q1="http://www.w3.org/2001/XMLSchema" p4:type="q1:string"
                  xmlns:p4="http://www.w3.org/2001/XMLSchema-instance">{sitecollectiontermstoreid}</Value>
              </Property>
              <Property>
                <Name>GroupId</Name>
              </Property>
              <Property>
                <Name>TermSetId</Name>
                <Value xmlns:q3="http://www.w3.org/2001/XMLSchema" p4:type="q3:string"
                  xmlns:p4="http://www.w3.org/2001/XMLSchema-instance">{parameter:FreshTax2TermSetGuid}</Value>
              </Property>
              <Property>
                <Name>AnchorId</Name>
                <Value xmlns:q4="http://www.w3.org/2001/XMLSchema" p4:type="q4:string"
                  xmlns:p4="http://www.w3.org/2001/XMLSchema-instance">00000000-0000-0000-0000-000000000000</Value>
              </Property>
              <Property>
                <Name>UserCreated</Name>
                <Value xmlns:q5="http://www.w3.org/2001/XMLSchema" p4:type="q5:boolean"
                  xmlns:p4="http://www.w3.org/2001/XMLSchema-instance">false</Value>
              </Property>
              <Property>
                <Name>Open</Name>
                <Value xmlns:q6="http://www.w3.org/2001/XMLSchema" p4:type="q6:boolean"
                  xmlns:p4="http://www.w3.org/2001/XMLSchema-instance">false</Value>
              </Property>
              <Property>
                <Name>TextField</Name>
                <Value xmlns:q7="http://www.w3.org/2001/XMLSchema" p4:type="q7:string"
                  xmlns:p4="http://www.w3.org/2001/XMLSchema-instance">{97d13533-fea9-4a34-a472-cdde2a29b5b4}</Value>
              </Property>
              <Property>
                <Name>IsPathRendered</Name>
                <Value xmlns:q8="http://www.w3.org/2001/XMLSchema" p4:type="q8:boolean"
                  xmlns:p4="http://www.w3.org/2001/XMLSchema-instance">false</Value>
              </Property>
              <Property>
                <Name>IsKeyword</Name>
                <Value xmlns:q9="http://www.w3.org/2001/XMLSchema" p4:type="q9:boolean"
                  xmlns:p4="http://www.w3.org/2001/XMLSchema-instance">false</Value>
              </Property>
              <Property>
                <Name>TargetTemplate</Name>
              </Property>
              <Property>
                <Name>CreateValuesInEditForm</Name>
                <Value xmlns:q10="http://www.w3.org/2001/XMLSchema" p4:type="q10:boolean"
                  xmlns:p4="http://www.w3.org/2001/XMLSchema-instance">true</Value>
              </Property>
              <Property>
                <Name>FilterAssemblyStrongName</Name>
                <Value xmlns:q11="http://www.w3.org/2001/XMLSchema" p4:type="q11:string"
                  xmlns:p4="http://www.w3.org/2001/XMLSchema-instance">Microsoft.SharePoint.Taxonomy, Version=16.0.0.0, Culture=neutral, PublicKeyToken=71e9bce111e9429c</Value>
              </Property>
              <Property>
                <Name>FilterClassName</Name>
                <Value xmlns:q12="http://www.w3.org/2001/XMLSchema" p4:type="q12:string"
                  xmlns:p4="http://www.w3.org/2001/XMLSchema-instance">Microsoft.SharePoint.Taxonomy.TaxonomyField</Value>
              </Property>
              <Property>
                <Name>FilterMethodName</Name>
                <Value xmlns:q13="http://www.w3.org/2001/XMLSchema" p4:type="q13:string"
                  xmlns:p4="http://www.w3.org/2001/XMLSchema-instance">GetFilteringHtml</Value>
              </Property>
              <Property>
                <Name>FilterJavascriptProperty</Name>
                <Value xmlns:q14="http://www.w3.org/2001/XMLSchema" p4:type="q14:string"
                  xmlns:p4="http://www.w3.org/2001/XMLSchema-instance">FilteringJavascript</Value>
              </Property>
            </ArrayOfProperty>
          </Customization>
        </Field>

        <Field StaticName="CandC_Tax_3" Name="CandC_Tax_3" DisplayName="{parameter:FreshTax3FieldName}" ID="{759fb41c-e9f4-4f8d-a428-53bd45fa9de8}" Type="TaxonomyFieldTypeMulti" Required="FALSE" ShowField="Term1033" EnforceUniqueValues="FALSE" DisplaceOnUpgrade="TRUE" Mult="TRUE" Group="Fresh Columns">
          <Customization>
            <ArrayOfProperty>
              <Property>
                <Name>SspId</Name>
                <Value xmlns:q1="http://www.w3.org/2001/XMLSchema" p4:type="q1:string"
                  xmlns:p4="http://www.w3.org/2001/XMLSchema-instance">{sitecollectiontermstoreid}</Value>
              </Property>
              <Property>
                <Name>GroupId</Name>
              </Property>
              <Property>
                <Name>TermSetId</Name>
                <Value xmlns:q3="http://www.w3.org/2001/XMLSchema" p4:type="q3:string"
                  xmlns:p4="http://www.w3.org/2001/XMLSchema-instance">{parameter:FreshTax3TermSetGuid}</Value>
              </Property>
              <Property>
                <Name>AnchorId</Name>
                <Value xmlns:q4="http://www.w3.org/2001/XMLSchema" p4:type="q4:string"
                  xmlns:p4="http://www.w3.org/2001/XMLSchema-instance">00000000-0000-0000-0000-000000000000</Value>
              </Property>
              <Property>
                <Name>UserCreated</Name>
                <Value xmlns:q5="http://www.w3.org/2001/XMLSchema" p4:type="q5:boolean"
                  xmlns:p4="http://www.w3.org/2001/XMLSchema-instance">false</Value>
              </Property>
              <Property>
                <Name>Open</Name>
                <Value xmlns:q6="http://www.w3.org/2001/XMLSchema" p4:type="q6:boolean"
                  xmlns:p4="http://www.w3.org/2001/XMLSchema-instance">false</Value>
              </Property>
              <Property>
                <Name>TextField</Name>
                <Value xmlns:q7="http://www.w3.org/2001/XMLSchema" p4:type="q7:string"
                  xmlns:p4="http://www.w3.org/2001/XMLSchema-instance">{2bdfadfd-1cd0-4226-87cd-a2e75d382585}</Value>
              </Property>
              <Property>
                <Name>IsPathRendered</Name>
                <Value xmlns:q8="http://www.w3.org/2001/XMLSchema" p4:type="q8:boolean"
                  xmlns:p4="http://www.w3.org/2001/XMLSchema-instance">false</Value>
              </Property>
              <Property>
                <Name>IsKeyword</Name>
                <Value xmlns:q9="http://www.w3.org/2001/XMLSchema" p4:type="q9:boolean"
                  xmlns:p4="http://www.w3.org/2001/XMLSchema-instance">false</Value>
              </Property>
              <Property>
                <Name>TargetTemplate</Name>
              </Property>
              <Property>
                <Name>CreateValuesInEditForm</Name>
                <Value xmlns:q10="http://www.w3.org/2001/XMLSchema" p4:type="q10:boolean"
                  xmlns:p4="http://www.w3.org/2001/XMLSchema-instance">true</Value>
              </Property>
              <Property>
                <Name>FilterAssemblyStrongName</Name>
                <Value xmlns:q11="http://www.w3.org/2001/XMLSchema" p4:type="q11:string"
                  xmlns:p4="http://www.w3.org/2001/XMLSchema-instance">Microsoft.SharePoint.Taxonomy, Version=16.0.0.0, Culture=neutral, PublicKeyToken=71e9bce111e9429c</Value>
              </Property>
              <Property>
                <Name>FilterClassName</Name>
                <Value xmlns:q12="http://www.w3.org/2001/XMLSchema" p4:type="q12:string"
                  xmlns:p4="http://www.w3.org/2001/XMLSchema-instance">Microsoft.SharePoint.Taxonomy.TaxonomyField</Value>
              </Property>
              <Property>
                <Name>FilterMethodName</Name>
                <Value xmlns:q13="http://www.w3.org/2001/XMLSchema" p4:type="q13:string"
                  xmlns:p4="http://www.w3.org/2001/XMLSchema-instance">GetFilteringHtml</Value>
              </Property>
              <Property>
                <Name>FilterJavascriptProperty</Name>
                <Value xmlns:q14="http://www.w3.org/2001/XMLSchema" p4:type="q14:string"
                  xmlns:p4="http://www.w3.org/2001/XMLSchema-instance">FilteringJavascript</Value>
              </Property>
            </ArrayOfProperty>
          </Customization>
        </Field>

        <Field StaticName="CandC_Tax_4" Name="CandC_Tax_4" DisplayName="{parameter:FreshTax4FieldName}" ID="{7884c4a6-666a-4c96-8d95-b481dcac504b}" Type="TaxonomyFieldTypeMulti" Required="FALSE" ShowField="Term1033" EnforceUniqueValues="FALSE" DisplaceOnUpgrade="TRUE" Mult="TRUE" Group="Fresh Columns">
          <Customization>
            <ArrayOfProperty>
              <Property>
                <Name>SspId</Name>
                <Value xmlns:q1="http://www.w3.org/2001/XMLSchema" p4:type="q1:string"
                  xmlns:p4="http://www.w3.org/2001/XMLSchema-instance">{sitecollectiontermstoreid}</Value>
              </Property>
              <Property>
                <Name>GroupId</Name>
              </Property>
              <Property>
                <Name>TermSetId</Name>
                <Value xmlns:q3="http://www.w3.org/2001/XMLSchema" p4:type="q3:string"
                  xmlns:p4="http://www.w3.org/2001/XMLSchema-instance">{parameter:FreshTax4TermSetGuid}</Value>
              </Property>
              <Property>
                <Name>AnchorId</Name>
                <Value xmlns:q4="http://www.w3.org/2001/XMLSchema" p4:type="q4:string"
                  xmlns:p4="http://www.w3.org/2001/XMLSchema-instance">00000000-0000-0000-0000-000000000000</Value>
              </Property>
              <Property>
                <Name>UserCreated</Name>
                <Value xmlns:q5="http://www.w3.org/2001/XMLSchema" p4:type="q5:boolean"
                  xmlns:p4="http://www.w3.org/2001/XMLSchema-instance">false</Value>
              </Property>
              <Property>
                <Name>Open</Name>
                <Value xmlns:q6="http://www.w3.org/2001/XMLSchema" p4:type="q6:boolean"
                  xmlns:p4="http://www.w3.org/2001/XMLSchema-instance">true</Value>
              </Property>
              <Property>
                <Name>TextField</Name>
                <Value xmlns:q7="http://www.w3.org/2001/XMLSchema" p4:type="q7:string"
                  xmlns:p4="http://www.w3.org/2001/XMLSchema-instance">{90e85f51-4973-46c9-aea3-64075d8cd763}</Value>
              </Property>
              <Property>
                <Name>IsPathRendered</Name>
                <Value xmlns:q8="http://www.w3.org/2001/XMLSchema" p4:type="q8:boolean"
                  xmlns:p4="http://www.w3.org/2001/XMLSchema-instance">false</Value>
              </Property>
              <Property>
                <Name>IsKeyword</Name>
                <Value xmlns:q9="http://www.w3.org/2001/XMLSchema" p4:type="q9:boolean"
                  xmlns:p4="http://www.w3.org/2001/XMLSchema-instance">false</Value>
              </Property>
              <Property>
                <Name>TargetTemplate</Name>
              </Property>
              <Property>
                <Name>CreateValuesInEditForm</Name>
                <Value xmlns:q10="http://www.w3.org/2001/XMLSchema" p4:type="q10:boolean"
                  xmlns:p4="http://www.w3.org/2001/XMLSchema-instance">true</Value>
              </Property>
              <Property>
                <Name>FilterAssemblyStrongName</Name>
                <Value xmlns:q11="http://www.w3.org/2001/XMLSchema" p4:type="q11:string"
                  xmlns:p4="http://www.w3.org/2001/XMLSchema-instance">Microsoft.SharePoint.Taxonomy, Version=16.0.0.0, Culture=neutral, PublicKeyToken=71e9bce111e9429c</Value>
              </Property>
              <Property>
                <Name>FilterClassName</Name>
                <Value xmlns:q12="http://www.w3.org/2001/XMLSchema" p4:type="q12:string"
                  xmlns:p4="http://www.w3.org/2001/XMLSchema-instance">Microsoft.SharePoint.Taxonomy.TaxonomyField</Value>
              </Property>
              <Property>
                <Name>FilterMethodName</Name>
                <Value xmlns:q13="http://www.w3.org/2001/XMLSchema" p4:type="q13:string"
                  xmlns:p4="http://www.w3.org/2001/XMLSchema-instance">GetFilteringHtml</Value>
              </Property>
              <Property>
                <Name>FilterJavascriptProperty</Name>
                <Value xmlns:q14="http://www.w3.org/2001/XMLSchema" p4:type="q14:string"
                  xmlns:p4="http://www.w3.org/2001/XMLSchema-instance">FilteringJavascript</Value>
              </Property>
            </ArrayOfProperty>
          </Customization>
        </Field>

        <Field StaticName="CandC_Tax_5" Name="CandC_Tax_5" DisplayName="{parameter:FreshTax5FieldName}" ID="{8EC7B074-A3BE-4541-ACC0-5FFDCCE0B2ED}" Type="TaxonomyFieldTypeMulti" Required="FALSE" ShowField="Term1033" EnforceUniqueValues="FALSE" DisplaceOnUpgrade="TRUE" Mult="TRUE" Group="Fresh Columns">
          <Customization>
            <ArrayOfProperty>
              <Property>
                <Name>SspId</Name>
                <Value xmlns:q1="http://www.w3.org/2001/XMLSchema" p4:type="q1:string"
                  xmlns:p4="http://www.w3.org/2001/XMLSchema-instance">{sitecollectiontermstoreid}</Value>
              </Property>
              <Property>
                <Name>GroupId</Name>
              </Property>
              <Property>
                <Name>TermSetId</Name>
                <Value xmlns:q3="http://www.w3.org/2001/XMLSchema" p4:type="q3:string"
                  xmlns:p4="http://www.w3.org/2001/XMLSchema-instance">{parameter:FreshTax5TermSetGuid}</Value>
              </Property>
              <Property>
                <Name>AnchorId</Name>
                <Value xmlns:q4="http://www.w3.org/2001/XMLSchema" p4:type="q4:string"
                  xmlns:p4="http://www.w3.org/2001/XMLSchema-instance">00000000-0000-0000-0000-000000000000</Value>
              </Property>
              <Property>
                <Name>UserCreated</Name>
                <Value xmlns:q5="http://www.w3.org/2001/XMLSchema" p4:type="q5:boolean"
                  xmlns:p4="http://www.w3.org/2001/XMLSchema-instance">false</Value>
              </Property>
              <Property>
                <Name>Open</Name>
                <Value xmlns:q6="http://www.w3.org/2001/XMLSchema" p4:type="q6:boolean"
                  xmlns:p4="http://www.w3.org/2001/XMLSchema-instance">true</Value>
              </Property>
              <Property>
                <Name>TextField</Name>
                <Value xmlns:q7="http://www.w3.org/2001/XMLSchema" p4:type="q7:string"
                  xmlns:p4="http://www.w3.org/2001/XMLSchema-instance">{E14D4B64-1F8E-4D21-8BE9-53E28075F3BE}</Value>
              </Property>
              <Property>
                <Name>IsPathRendered</Name>
                <Value xmlns:q8="http://www.w3.org/2001/XMLSchema" p4:type="q8:boolean"
                  xmlns:p4="http://www.w3.org/2001/XMLSchema-instance">false</Value>
              </Property>
              <Property>
                <Name>IsKeyword</Name>
                <Value xmlns:q9="http://www.w3.org/2001/XMLSchema" p4:type="q9:boolean"
                  xmlns:p4="http://www.w3.org/2001/XMLSchema-instance">false</Value>
              </Property>
              <Property>
                <Name>TargetTemplate</Name>
              </Property>
              <Property>
                <Name>CreateValuesInEditForm</Name>
                <Value xmlns:q10="http://www.w3.org/2001/XMLSchema" p4:type="q10:boolean"
                  xmlns:p4="http://www.w3.org/2001/XMLSchema-instance">true</Value>
              </Property>
              <Property>
                <Name>FilterAssemblyStrongName</Name>
                <Value xmlns:q11="http://www.w3.org/2001/XMLSchema" p4:type="q11:string"
                  xmlns:p4="http://www.w3.org/2001/XMLSchema-instance">Microsoft.SharePoint.Taxonomy, Version=16.0.0.0, Culture=neutral, PublicKeyToken=71e9bce111e9429c</Value>
              </Property>
              <Property>
                <Name>FilterClassName</Name>
                <Value xmlns:q12="http://www.w3.org/2001/XMLSchema" p4:type="q12:string"
                  xmlns:p4="http://www.w3.org/2001/XMLSchema-instance">Microsoft.SharePoint.Taxonomy.TaxonomyField</Value>
              </Property>
              <Property>
                <Name>FilterMethodName</Name>
                <Value xmlns:q13="http://www.w3.org/2001/XMLSchema" p4:type="q13:string"
                  xmlns:p4="http://www.w3.org/2001/XMLSchema-instance">GetFilteringHtml</Value>
              </Property>
              <Property>
                <Name>FilterJavascriptProperty</Name>
                <Value xmlns:q14="http://www.w3.org/2001/XMLSchema" p4:type="q14:string"
                  xmlns:p4="http://www.w3.org/2001/XMLSchema-instance">FilteringJavascript</Value>
              </Property>
            </ArrayOfProperty>
          </Customization>
        </Field>

        <Field StaticName="CandC_Tax_6" Name="CandC_Tax_6" DisplayName="{parameter:FreshTax6FieldName}" ID="{265A5956-1C57-4A67-958F-C252AEFD9F60}" Type="TaxonomyFieldTypeMulti" Required="FALSE" ShowField="Term1033" EnforceUniqueValues="FALSE" DisplaceOnUpgrade="TRUE" Mult="TRUE" Group="Fresh Columns">
          <Customization>
            <ArrayOfProperty>
              <Property>
                <Name>SspId</Name>
                <Value xmlns:q1="http://www.w3.org/2001/XMLSchema" p4:type="q1:string"
                  xmlns:p4="http://www.w3.org/2001/XMLSchema-instance">{sitecollectiontermstoreid}</Value>
              </Property>
              <Property>
                <Name>GroupId</Name>
              </Property>
              <Property>
                <Name>TermSetId</Name>
                <Value xmlns:q3="http://www.w3.org/2001/XMLSchema" p4:type="q3:string"
                  xmlns:p4="http://www.w3.org/2001/XMLSchema-instance">{parameter:FreshTax6TermSetGuid}</Value>
              </Property>
              <Property>
                <Name>AnchorId</Name>
                <Value xmlns:q4="http://www.w3.org/2001/XMLSchema" p4:type="q4:string"
                  xmlns:p4="http://www.w3.org/2001/XMLSchema-instance">00000000-0000-0000-0000-000000000000</Value>
              </Property>
              <Property>
                <Name>UserCreated</Name>
                <Value xmlns:q5="http://www.w3.org/2001/XMLSchema" p4:type="q5:boolean"
                  xmlns:p4="http://www.w3.org/2001/XMLSchema-instance">false</Value>
              </Property>
              <Property>
                <Name>Open</Name>
                <Value xmlns:q6="http://www.w3.org/2001/XMLSchema" p4:type="q6:boolean"
                  xmlns:p4="http://www.w3.org/2001/XMLSchema-instance">true</Value>
              </Property>
              <Property>
                <Name>TextField</Name>
                <Value xmlns:q7="http://www.w3.org/2001/XMLSchema" p4:type="q7:string"
                  xmlns:p4="http://www.w3.org/2001/XMLSchema-instance">{4B73AA45-441C-47F6-B9D3-3AFADC785A37}</Value>
              </Property>
              <Property>
                <Name>IsPathRendered</Name>
                <Value xmlns:q8="http://www.w3.org/2001/XMLSchema" p4:type="q8:boolean"
                  xmlns:p4="http://www.w3.org/2001/XMLSchema-instance">false</Value>
              </Property>
              <Property>
                <Name>IsKeyword</Name>
                <Value xmlns:q9="http://www.w3.org/2001/XMLSchema" p4:type="q9:boolean"
                  xmlns:p4="http://www.w3.org/2001/XMLSchema-instance">false</Value>
              </Property>
              <Property>
                <Name>TargetTemplate</Name>
              </Property>
              <Property>
                <Name>CreateValuesInEditForm</Name>
                <Value xmlns:q10="http://www.w3.org/2001/XMLSchema" p4:type="q10:boolean"
                  xmlns:p4="http://www.w3.org/2001/XMLSchema-instance">true</Value>
              </Property>
              <Property>
                <Name>FilterAssemblyStrongName</Name>
                <Value xmlns:q11="http://www.w3.org/2001/XMLSchema" p4:type="q11:string"
                  xmlns:p4="http://www.w3.org/2001/XMLSchema-instance">Microsoft.SharePoint.Taxonomy, Version=16.0.0.0, Culture=neutral, PublicKeyToken=71e9bce111e9429c</Value>
              </Property>
              <Property>
                <Name>FilterClassName</Name>
                <Value xmlns:q12="http://www.w3.org/2001/XMLSchema" p4:type="q12:string"
                  xmlns:p4="http://www.w3.org/2001/XMLSchema-instance">Microsoft.SharePoint.Taxonomy.TaxonomyField</Value>
              </Property>
              <Property>
                <Name>FilterMethodName</Name>
                <Value xmlns:q13="http://www.w3.org/2001/XMLSchema" p4:type="q13:string"
                  xmlns:p4="http://www.w3.org/2001/XMLSchema-instance">GetFilteringHtml</Value>
              </Property>
              <Property>
                <Name>FilterJavascriptProperty</Name>
                <Value xmlns:q14="http://www.w3.org/2001/XMLSchema" p4:type="q14:string"
                  xmlns:p4="http://www.w3.org/2001/XMLSchema-instance">FilteringJavascript</Value>
              </Property>
            </ArrayOfProperty>
          </Customization>
        </Field>

        <Field StaticName="CandC_Tax_7" Name="CandC_Tax_7" DisplayName="{parameter:FreshTax7FieldName}" ID="{95B187BC-B8E0-4CC3-9D90-48D038784E6D}" Type="TaxonomyFieldTypeMulti" Required="FALSE" ShowField="Term1033" EnforceUniqueValues="FALSE" DisplaceOnUpgrade="TRUE" Mult="TRUE" Group="Fresh Columns">
          <Customization>
            <ArrayOfProperty>
              <Property>
                <Name>SspId</Name>
                <Value xmlns:q1="http://www.w3.org/2001/XMLSchema" p4:type="q1:string"
                  xmlns:p4="http://www.w3.org/2001/XMLSchema-instance">{sitecollectiontermstoreid}</Value>
              </Property>
              <Property>
                <Name>GroupId</Name>
              </Property>
              <Property>
                <Name>TermSetId</Name>
                <Value xmlns:q3="http://www.w3.org/2001/XMLSchema" p4:type="q3:string"
                  xmlns:p4="http://www.w3.org/2001/XMLSchema-instance">{parameter:FreshTax7TermSetGuid}</Value>
              </Property>
              <Property>
                <Name>AnchorId</Name>
                <Value xmlns:q4="http://www.w3.org/2001/XMLSchema" p4:type="q4:string"
                  xmlns:p4="http://www.w3.org/2001/XMLSchema-instance">00000000-0000-0000-0000-000000000000</Value>
              </Property>
              <Property>
                <Name>UserCreated</Name>
                <Value xmlns:q5="http://www.w3.org/2001/XMLSchema" p4:type="q5:boolean"
                  xmlns:p4="http://www.w3.org/2001/XMLSchema-instance">false</Value>
              </Property>
              <Property>
                <Name>Open</Name>
                <Value xmlns:q6="http://www.w3.org/2001/XMLSchema" p4:type="q6:boolean"
                  xmlns:p4="http://www.w3.org/2001/XMLSchema-instance">true</Value>
              </Property>
              <Property>
                <Name>TextField</Name>
                <Value xmlns:q7="http://www.w3.org/2001/XMLSchema" p4:type="q7:string"
                  xmlns:p4="http://www.w3.org/2001/XMLSchema-instance">{B9BBD514-7787-4A6D-A800-ADE0F4C6413F}</Value>
              </Property>
              <Property>
                <Name>IsPathRendered</Name>
                <Value xmlns:q8="http://www.w3.org/2001/XMLSchema" p4:type="q8:boolean"
                  xmlns:p4="http://www.w3.org/2001/XMLSchema-instance">false</Value>
              </Property>
              <Property>
                <Name>IsKeyword</Name>
                <Value xmlns:q9="http://www.w3.org/2001/XMLSchema" p4:type="q9:boolean"
                  xmlns:p4="http://www.w3.org/2001/XMLSchema-instance">false</Value>
              </Property>
              <Property>
                <Name>TargetTemplate</Name>
              </Property>
              <Property>
                <Name>CreateValuesInEditForm</Name>
                <Value xmlns:q10="http://www.w3.org/2001/XMLSchema" p4:type="q10:boolean"
                  xmlns:p4="http://www.w3.org/2001/XMLSchema-instance">true</Value>
              </Property>
              <Property>
                <Name>FilterAssemblyStrongName</Name>
                <Value xmlns:q11="http://www.w3.org/2001/XMLSchema" p4:type="q11:string"
                  xmlns:p4="http://www.w3.org/2001/XMLSchema-instance">Microsoft.SharePoint.Taxonomy, Version=16.0.0.0, Culture=neutral, PublicKeyToken=71e9bce111e9429c</Value>
              </Property>
              <Property>
                <Name>FilterClassName</Name>
                <Value xmlns:q12="http://www.w3.org/2001/XMLSchema" p4:type="q12:string"
                  xmlns:p4="http://www.w3.org/2001/XMLSchema-instance">Microsoft.SharePoint.Taxonomy.TaxonomyField</Value>
              </Property>
              <Property>
                <Name>FilterMethodName</Name>
                <Value xmlns:q13="http://www.w3.org/2001/XMLSchema" p4:type="q13:string"
                  xmlns:p4="http://www.w3.org/2001/XMLSchema-instance">GetFilteringHtml</Value>
              </Property>
              <Property>
                <Name>FilterJavascriptProperty</Name>
                <Value xmlns:q14="http://www.w3.org/2001/XMLSchema" p4:type="q14:string"
                  xmlns:p4="http://www.w3.org/2001/XMLSchema-instance">FilteringJavascript</Value>
              </Property>
            </ArrayOfProperty>
          </Customization>
        </Field>

        <Field StaticName="CandC_Tax_8" Name="CandC_Tax_8" DisplayName="{parameter:FreshTax8FieldName}" ID="{36CCCF54-ED80-4BEF-98CB-CA575C7AD017}" Type="TaxonomyFieldTypeMulti" Required="FALSE" ShowField="Term1033" EnforceUniqueValues="FALSE" DisplaceOnUpgrade="TRUE" Mult="TRUE" Group="Fresh Columns">
          <Customization>
            <ArrayOfProperty>
              <Property>
                <Name>SspId</Name>
                <Value xmlns:q1="http://www.w3.org/2001/XMLSchema" p4:type="q1:string"
                  xmlns:p4="http://www.w3.org/2001/XMLSchema-instance">{sitecollectiontermstoreid}</Value>
              </Property>
              <Property>
                <Name>GroupId</Name>
              </Property>
              <Property>
                <Name>TermSetId</Name>
                <Value xmlns:q3="http://www.w3.org/2001/XMLSchema" p4:type="q3:string"
                  xmlns:p4="http://www.w3.org/2001/XMLSchema-instance">{parameter:FreshTax8TermSetGuid}</Value>
              </Property>
              <Property>
                <Name>AnchorId</Name>
                <Value xmlns:q4="http://www.w3.org/2001/XMLSchema" p4:type="q4:string"
                  xmlns:p4="http://www.w3.org/2001/XMLSchema-instance">00000000-0000-0000-0000-000000000000</Value>
              </Property>
              <Property>
                <Name>UserCreated</Name>
                <Value xmlns:q5="http://www.w3.org/2001/XMLSchema" p4:type="q5:boolean"
                  xmlns:p4="http://www.w3.org/2001/XMLSchema-instance">false</Value>
              </Property>
              <Property>
                <Name>Open</Name>
                <Value xmlns:q6="http://www.w3.org/2001/XMLSchema" p4:type="q6:boolean"
                  xmlns:p4="http://www.w3.org/2001/XMLSchema-instance">true</Value>
              </Property>
              <Property>
                <Name>TextField</Name>
                <Value xmlns:q7="http://www.w3.org/2001/XMLSchema" p4:type="q7:string"
                  xmlns:p4="http://www.w3.org/2001/XMLSchema-instance">{C3540778-D1BF-4436-9067-23DC30229F96}</Value>
              </Property>
              <Property>
                <Name>IsPathRendered</Name>
                <Value xmlns:q8="http://www.w3.org/2001/XMLSchema" p4:type="q8:boolean"
                  xmlns:p4="http://www.w3.org/2001/XMLSchema-instance">false</Value>
              </Property>
              <Property>
                <Name>IsKeyword</Name>
                <Value xmlns:q9="http://www.w3.org/2001/XMLSchema" p4:type="q9:boolean"
                  xmlns:p4="http://www.w3.org/2001/XMLSchema-instance">false</Value>
              </Property>
              <Property>
                <Name>TargetTemplate</Name>
              </Property>
              <Property>
                <Name>CreateValuesInEditForm</Name>
                <Value xmlns:q10="http://www.w3.org/2001/XMLSchema" p4:type="q10:boolean"
                  xmlns:p4="http://www.w3.org/2001/XMLSchema-instance">true</Value>
              </Property>
              <Property>
                <Name>FilterAssemblyStrongName</Name>
                <Value xmlns:q11="http://www.w3.org/2001/XMLSchema" p4:type="q11:string"
                  xmlns:p4="http://www.w3.org/2001/XMLSchema-instance">Microsoft.SharePoint.Taxonomy, Version=16.0.0.0, Culture=neutral, PublicKeyToken=71e9bce111e9429c</Value>
              </Property>
              <Property>
                <Name>FilterClassName</Name>
                <Value xmlns:q12="http://www.w3.org/2001/XMLSchema" p4:type="q12:string"
                  xmlns:p4="http://www.w3.org/2001/XMLSchema-instance">Microsoft.SharePoint.Taxonomy.TaxonomyField</Value>
              </Property>
              <Property>
                <Name>FilterMethodName</Name>
                <Value xmlns:q13="http://www.w3.org/2001/XMLSchema" p4:type="q13:string"
                  xmlns:p4="http://www.w3.org/2001/XMLSchema-instance">GetFilteringHtml</Value>
              </Property>
              <Property>
                <Name>FilterJavascriptProperty</Name>
                <Value xmlns:q14="http://www.w3.org/2001/XMLSchema" p4:type="q14:string"
                  xmlns:p4="http://www.w3.org/2001/XMLSchema-instance">FilteringJavascript</Value>
              </Property>
            </ArrayOfProperty>
          </Customization>
        </Field>

        <Field StaticName="CandC_Tax_9" Name="CandC_Tax_9" DisplayName="{parameter:FreshTax9FieldName}" ID="{81DAB1E9-BF23-431A-894E-22AAA1B0DC17}" Type="TaxonomyFieldTypeMulti" Required="FALSE" ShowField="Term1033" EnforceUniqueValues="FALSE" DisplaceOnUpgrade="TRUE" Mult="TRUE" Group="Fresh Columns">
          <Customization>
            <ArrayOfProperty>
              <Property>
                <Name>SspId</Name>
                <Value xmlns:q1="http://www.w3.org/2001/XMLSchema" p4:type="q1:string"
                  xmlns:p4="http://www.w3.org/2001/XMLSchema-instance">{sitecollectiontermstoreid}</Value>
              </Property>
              <Property>
                <Name>GroupId</Name>
              </Property>
              <Property>
                <Name>TermSetId</Name>
                <Value xmlns:q3="http://www.w3.org/2001/XMLSchema" p4:type="q3:string"
                  xmlns:p4="http://www.w3.org/2001/XMLSchema-instance">{parameter:FreshTax9TermSetGuid}</Value>
              </Property>
              <Property>
                <Name>AnchorId</Name>
                <Value xmlns:q4="http://www.w3.org/2001/XMLSchema" p4:type="q4:string"
                  xmlns:p4="http://www.w3.org/2001/XMLSchema-instance">00000000-0000-0000-0000-000000000000</Value>
              </Property>
              <Property>
                <Name>UserCreated</Name>
                <Value xmlns:q5="http://www.w3.org/2001/XMLSchema" p4:type="q5:boolean"
                  xmlns:p4="http://www.w3.org/2001/XMLSchema-instance">false</Value>
              </Property>
              <Property>
                <Name>Open</Name>
                <Value xmlns:q6="http://www.w3.org/2001/XMLSchema" p4:type="q6:boolean"
                  xmlns:p4="http://www.w3.org/2001/XMLSchema-instance">true</Value>
              </Property>
              <Property>
                <Name>TextField</Name>
                <Value xmlns:q7="http://www.w3.org/2001/XMLSchema" p4:type="q7:string"
                  xmlns:p4="http://www.w3.org/2001/XMLSchema-instance">{4B83B477-98B4-4171-A1A4-C88DA36D4A41}</Value>
              </Property>
              <Property>
                <Name>IsPathRendered</Name>
                <Value xmlns:q8="http://www.w3.org/2001/XMLSchema" p4:type="q8:boolean"
                  xmlns:p4="http://www.w3.org/2001/XMLSchema-instance">false</Value>
              </Property>
              <Property>
                <Name>IsKeyword</Name>
                <Value xmlns:q9="http://www.w3.org/2001/XMLSchema" p4:type="q9:boolean"
                  xmlns:p4="http://www.w3.org/2001/XMLSchema-instance">false</Value>
              </Property>
              <Property>
                <Name>TargetTemplate</Name>
              </Property>
              <Property>
                <Name>CreateValuesInEditForm</Name>
                <Value xmlns:q10="http://www.w3.org/2001/XMLSchema" p4:type="q10:boolean"
                  xmlns:p4="http://www.w3.org/2001/XMLSchema-instance">true</Value>
              </Property>
              <Property>
                <Name>FilterAssemblyStrongName</Name>
                <Value xmlns:q11="http://www.w3.org/2001/XMLSchema" p4:type="q11:string"
                  xmlns:p4="http://www.w3.org/2001/XMLSchema-instance">Microsoft.SharePoint.Taxonomy, Version=16.0.0.0, Culture=neutral, PublicKeyToken=71e9bce111e9429c</Value>
              </Property>
              <Property>
                <Name>FilterClassName</Name>
                <Value xmlns:q12="http://www.w3.org/2001/XMLSchema" p4:type="q12:string"
                  xmlns:p4="http://www.w3.org/2001/XMLSchema-instance">Microsoft.SharePoint.Taxonomy.TaxonomyField</Value>
              </Property>
              <Property>
                <Name>FilterMethodName</Name>
                <Value xmlns:q13="http://www.w3.org/2001/XMLSchema" p4:type="q13:string"
                  xmlns:p4="http://www.w3.org/2001/XMLSchema-instance">GetFilteringHtml</Value>
              </Property>
              <Property>
                <Name>FilterJavascriptProperty</Name>
                <Value xmlns:q14="http://www.w3.org/2001/XMLSchema" p4:type="q14:string"
                  xmlns:p4="http://www.w3.org/2001/XMLSchema-instance">FilteringJavascript</Value>
              </Property>
            </ArrayOfProperty>
          </Customization>
        </Field>

        <Field StaticName="CandC_Tax_10" Name="CandC_Tax_10" DisplayName="{parameter:FreshTax10FieldName}" ID="{1B62C29A-9B19-45AC-8630-B0F6FCF2C32A}" Type="TaxonomyFieldTypeMulti" Required="FALSE" ShowField="Term1033" EnforceUniqueValues="FALSE" DisplaceOnUpgrade="TRUE" Mult="TRUE" Group="Fresh Columns">
          <Customization>
            <ArrayOfProperty>
              <Property>
                <Name>SspId</Name>
                <Value xmlns:q1="http://www.w3.org/2001/XMLSchema" p4:type="q1:string"
                  xmlns:p4="http://www.w3.org/2001/XMLSchema-instance">{sitecollectiontermstoreid}</Value>
              </Property>
              <Property>
                <Name>GroupId</Name>
              </Property>
              <Property>
                <Name>TermSetId</Name>
                <Value xmlns:q3="http://www.w3.org/2001/XMLSchema" p4:type="q3:string"
                  xmlns:p4="http://www.w3.org/2001/XMLSchema-instance">{parameter:FreshTax10TermSetGuid}</Value>
              </Property>
              <Property>
                <Name>AnchorId</Name>
                <Value xmlns:q4="http://www.w3.org/2001/XMLSchema" p4:type="q4:string"
                  xmlns:p4="http://www.w3.org/2001/XMLSchema-instance">00000000-0000-0000-0000-000000000000</Value>
              </Property>
              <Property>
                <Name>UserCreated</Name>
                <Value xmlns:q5="http://www.w3.org/2001/XMLSchema" p4:type="q5:boolean"
                  xmlns:p4="http://www.w3.org/2001/XMLSchema-instance">false</Value>
              </Property>
              <Property>
                <Name>Open</Name>
                <Value xmlns:q6="http://www.w3.org/2001/XMLSchema" p4:type="q6:boolean"
                  xmlns:p4="http://www.w3.org/2001/XMLSchema-instance">true</Value>
              </Property>
              <Property>
                <Name>TextField</Name>
                <Value xmlns:q7="http://www.w3.org/2001/XMLSchema" p4:type="q7:string"
                  xmlns:p4="http://www.w3.org/2001/XMLSchema-instance">{A5C46886-9631-470A-8DFE-DED24ED95CB9}</Value>
              </Property>
              <Property>
                <Name>IsPathRendered</Name>
                <Value xmlns:q8="http://www.w3.org/2001/XMLSchema" p4:type="q8:boolean"
                  xmlns:p4="http://www.w3.org/2001/XMLSchema-instance">false</Value>
              </Property>
              <Property>
                <Name>IsKeyword</Name>
                <Value xmlns:q9="http://www.w3.org/2001/XMLSchema" p4:type="q9:boolean"
                  xmlns:p4="http://www.w3.org/2001/XMLSchema-instance">false</Value>
              </Property>
              <Property>
                <Name>TargetTemplate</Name>
              </Property>
              <Property>
                <Name>CreateValuesInEditForm</Name>
                <Value xmlns:q10="http://www.w3.org/2001/XMLSchema" p4:type="q10:boolean"
                  xmlns:p4="http://www.w3.org/2001/XMLSchema-instance">true</Value>
              </Property>
              <Property>
                <Name>FilterAssemblyStrongName</Name>
                <Value xmlns:q11="http://www.w3.org/2001/XMLSchema" p4:type="q11:string"
                  xmlns:p4="http://www.w3.org/2001/XMLSchema-instance">Microsoft.SharePoint.Taxonomy, Version=16.0.0.0, Culture=neutral, PublicKeyToken=71e9bce111e9429c</Value>
              </Property>
              <Property>
                <Name>FilterClassName</Name>
                <Value xmlns:q12="http://www.w3.org/2001/XMLSchema" p4:type="q12:string"
                  xmlns:p4="http://www.w3.org/2001/XMLSchema-instance">Microsoft.SharePoint.Taxonomy.TaxonomyField</Value>
              </Property>
              <Property>
                <Name>FilterMethodName</Name>
                <Value xmlns:q13="http://www.w3.org/2001/XMLSchema" p4:type="q13:string"
                  xmlns:p4="http://www.w3.org/2001/XMLSchema-instance">GetFilteringHtml</Value>
              </Property>
              <Property>
                <Name>FilterJavascriptProperty</Name>
                <Value xmlns:q14="http://www.w3.org/2001/XMLSchema" p4:type="q14:string"
                  xmlns:p4="http://www.w3.org/2001/XMLSchema-instance">FilteringJavascript</Value>
              </Property>
            </ArrayOfProperty>
          </Customization>
        </Field>

        <Field StaticName="CandC_Channel" Name="CandC_Channel" DisplayName="Channel" ID="{eaf95a96-4fff-4308-aee0-e51225523065}" Type="TaxonomyFieldTypeMulti" Required="FALSE" ShowField="Term1033" EnforceUniqueValues="FALSE" DisplaceOnUpgrade="TRUE" Mult="TRUE" Group="Fresh Columns">
          <Customization>
            <ArrayOfProperty>
              <Property>
                <Name>SspId</Name>
                <Value xmlns:q1="http://www.w3.org/2001/XMLSchema" p4:type="q1:string"
                  xmlns:p4="http://www.w3.org/2001/XMLSchema-instance">{sitecollectiontermstoreid}</Value>
              </Property>
              <Property>
                <Name>GroupId</Name>
              </Property>
              <Property>
                <Name>TermSetId</Name>
                <Value xmlns:q2="http://www.w3.org/2001/XMLSchema" p4:type="q2:string"
                  xmlns:p4="http://www.w3.org/2001/XMLSchema-instance">78991615-33b1-4be1-91f8-a5d8c20bf17d</Value>
              </Property>
              <Property>
                <Name>AnchorId</Name>
                <Value xmlns:q3="http://www.w3.org/2001/XMLSchema" p4:type="q3:string"
                  xmlns:p4="http://www.w3.org/2001/XMLSchema-instance">00000000-0000-0000-0000-000000000000</Value>
              </Property>
              <Property>
                <Name>UserCreated</Name>
                <Value xmlns:q4="http://www.w3.org/2001/XMLSchema" p4:type="q4:boolean"
                  xmlns:p4="http://www.w3.org/2001/XMLSchema-instance">false</Value>
              </Property>
              <Property>
                <Name>Open</Name>
                <Value xmlns:q5="http://www.w3.org/2001/XMLSchema" p4:type="q5:boolean"
                  xmlns:p4="http://www.w3.org/2001/XMLSchema-instance">false</Value>
              </Property>
              <Property>
                <Name>TextField</Name>
                <Value xmlns:q6="http://www.w3.org/2001/XMLSchema" p4:type="q6:string"
                  xmlns:p4="http://www.w3.org/2001/XMLSchema-instance">{4c42c0a3-b7f5-4885-9cca-5ab5cb2bf46a}</Value>
              </Property>
              <Property>
                <Name>IsPathRendered</Name>
                <Value xmlns:q7="http://www.w3.org/2001/XMLSchema" p4:type="q7:boolean"
                  xmlns:p4="http://www.w3.org/2001/XMLSchema-instance">false</Value>
              </Property>
              <Property>
                <Name>IsKeyword</Name>
                <Value xmlns:q8="http://www.w3.org/2001/XMLSchema" p4:type="q8:boolean"
                  xmlns:p4="http://www.w3.org/2001/XMLSchema-instance">false</Value>
              </Property>
              <Property>
                <Name>TargetTemplate</Name>
              </Property>
              <Property>
                <Name>CreateValuesInEditForm</Name>
                <Value xmlns:q9="http://www.w3.org/2001/XMLSchema" p4:type="q9:boolean"
                  xmlns:p4="http://www.w3.org/2001/XMLSchema-instance">true</Value>
              </Property>
              <Property>
                <Name>FilterAssemblyStrongName</Name>
                <Value xmlns:q10="http://www.w3.org/2001/XMLSchema" p4:type="q10:string"
                  xmlns:p4="http://www.w3.org/2001/XMLSchema-instance">Microsoft.SharePoint.Taxonomy, Version=16.0.0.0, Culture=neutral, PublicKeyToken=71e9bce111e9429c</Value>
              </Property>
              <Property>
                <Name>FilterClassName</Name>
                <Value xmlns:q11="http://www.w3.org/2001/XMLSchema" p4:type="q11:string"
                  xmlns:p4="http://www.w3.org/2001/XMLSchema-instance">Microsoft.SharePoint.Taxonomy.TaxonomyField</Value>
              </Property>
              <Property>
                <Name>FilterMethodName</Name>
                <Value xmlns:q12="http://www.w3.org/2001/XMLSchema" p4:type="q12:string"
                  xmlns:p4="http://www.w3.org/2001/XMLSchema-instance">GetFilteringHtml</Value>
              </Property>
              <Property>
                <Name>FilterJavascriptProperty</Name>
                <Value xmlns:q13="http://www.w3.org/2001/XMLSchema" p4:type="q13:string"
                  xmlns:p4="http://www.w3.org/2001/XMLSchema-instance">FilteringJavascript</Value>
              </Property>
            </ArrayOfProperty>
          </Customization>
        </Field>

        <Field StaticName="CandC_Color" Name="CandC_Color" DisplayName="Colour" ID="{5a9eaf96-f112-4aaa-4118-51225523e166}" Type="TaxonomyFieldTypeMulti" Required="FALSE" ShowField="Term1033" EnforceUniqueValues="FALSE" DisplaceOnUpgrade="TRUE" Mult="TRUE" Group="Fresh Columns">
          <Customization>
            <ArrayOfProperty>
              <Property>
                <Name>SspId</Name>
                <Value xmlns:q1="http://www.w3.org/2001/XMLSchema" p4:type="q1:string"
                  xmlns:p4="http://www.w3.org/2001/XMLSchema-instance">{sitecollectiontermstoreid}</Value>
              </Property>
              <Property>
                <Name>GroupId</Name>
              </Property>
              <Property>
                <Name>TermSetId</Name>
                <Value xmlns:q2="http://www.w3.org/2001/XMLSchema" p4:type="q2:string"
                  xmlns:p4="http://www.w3.org/2001/XMLSchema-instance">56a78466-73a4-4ad2-8bc1-24430aa3f326</Value>
              </Property>
              <Property>
                <Name>AnchorId</Name>
                <Value xmlns:q3="http://www.w3.org/2001/XMLSchema" p4:type="q3:string"
                  xmlns:p4="http://www.w3.org/2001/XMLSchema-instance">00000000-0000-0000-0000-000000000000</Value>
              </Property>
              <Property>
                <Name>UserCreated</Name>
                <Value xmlns:q4="http://www.w3.org/2001/XMLSchema" p4:type="q4:boolean"
                  xmlns:p4="http://www.w3.org/2001/XMLSchema-instance">false</Value>
              </Property>
              <Property>
                <Name>Open</Name>
                <Value xmlns:q5="http://www.w3.org/2001/XMLSchema" p4:type="q5:boolean"
                  xmlns:p4="http://www.w3.org/2001/XMLSchema-instance">false</Value>
              </Property>
              <Property>
                <Name>TextField</Name>
                <Value xmlns:q6="http://www.w3.org/2001/XMLSchema" p4:type="q6:string"
                  xmlns:p4="http://www.w3.org/2001/XMLSchema-instance">{b7f54c41-2ca3-9cca-4885-5f46ab5cb2b1}</Value>
              </Property>
              <Property>
                <Name>IsPathRendered</Name>
                <Value xmlns:q7="http://www.w3.org/2001/XMLSchema" p4:type="q7:boolean"
                  xmlns:p4="http://www.w3.org/2001/XMLSchema-instance">false</Value>
              </Property>
              <Property>
                <Name>IsKeyword</Name>
                <Value xmlns:q8="http://www.w3.org/2001/XMLSchema" p4:type="q8:boolean"
                  xmlns:p4="http://www.w3.org/2001/XMLSchema-instance">false</Value>
              </Property>
              <Property>
                <Name>TargetTemplate</Name>
              </Property>
              <Property>
                <Name>CreateValuesInEditForm</Name>
                <Value xmlns:q9="http://www.w3.org/2001/XMLSchema" p4:type="q9:boolean"
                  xmlns:p4="http://www.w3.org/2001/XMLSchema-instance">true</Value>
              </Property>
              <Property>
                <Name>FilterAssemblyStrongName</Name>
                <Value xmlns:q10="http://www.w3.org/2001/XMLSchema" p4:type="q10:string"
                  xmlns:p4="http://www.w3.org/2001/XMLSchema-instance">Microsoft.SharePoint.Taxonomy, Version=16.0.0.0, Culture=neutral, PublicKeyToken=71e9bce111e9429c</Value>
              </Property>
              <Property>
                <Name>FilterClassName</Name>
                <Value xmlns:q11="http://www.w3.org/2001/XMLSchema" p4:type="q11:string"
                  xmlns:p4="http://www.w3.org/2001/XMLSchema-instance">Microsoft.SharePoint.Taxonomy.TaxonomyField</Value>
              </Property>
              <Property>
                <Name>FilterMethodName</Name>
                <Value xmlns:q12="http://www.w3.org/2001/XMLSchema" p4:type="q12:string"
                  xmlns:p4="http://www.w3.org/2001/XMLSchema-instance">GetFilteringHtml</Value>
              </Property>
              <Property>
                <Name>FilterJavascriptProperty</Name>
                <Value xmlns:q13="http://www.w3.org/2001/XMLSchema" p4:type="q13:string"
                  xmlns:p4="http://www.w3.org/2001/XMLSchema-instance">FilteringJavascript</Value>
              </Property>
            </ArrayOfProperty>
          </Customization>
        </Field>

        <Field ID="{363a295e-1bb1-446c-a5bc-cf6fb65b2319}" Type="Note" Name="CandC_Description" DisplayName="Short description" Required="FALSE" EnforceUniqueValues="FALSE" Indexed="FALSE" NumLines="3" RichText="FALSE" Sortable="FALSE" Group="Fresh Columns" SourceID="{4ca9bab2-2aca-4fd9-9657-56a4c58137fc}" StaticName="CandC_Description" CustomFormatter="" RestrictedMode="TRUE" RichTextMode="Compatible" IsolateStyles="FALSE" AppendOnly="FALSE" UnlimitedLengthInDocumentLibrary="FALSE" />

        <Field ID="{d3016d73-fe97-4e32-bd67-d9841e72d291}" Type="Boolean" Name="CandC_Featured" StaticName="CandC_Featured" DisplayName="Featured" EnforceUniqueValues="FALSE" Indexed="FALSE" Group="Fresh Columns" SourceID="{{siteid}}">
          <Default>0</Default>
        </Field>

        <Field ID="{d9837f5b-5555-4f55-bee3-5bfdccd53aac}" Type="DateTime" Name="CandC_PublishedDate" DisplayName="Publish date" Description="The date from which to push this content to users" Format="DateOnly" Required="TRUE" Group="Fresh Columns" SourceID="{4ca9bab2-2aca-4fd9-9657-56a4c58137fc}" StaticName="CandC_PublishedDate">
          <Default>[today]</Default>
        </Field>

        <Field ID="{956879bc-b750-42e5-80ef-ff5a4195370e}" Type="DateTime" Name="CandC_PublishedExpirationDate" DisplayName="Expiration date" Description="The date from which to stop pushing this content to users" Format="DateOnly" Required="FALSE" Group="Fresh Columns" SourceID="{4ca9bab2-2aca-4fd9-9657-56a4c58137fc}" StaticName="CandC_PublishedExpirationDate"/>

        <Field ID="{f0b78a7d-5887-4c20-9df0-678d1e4309a3}" Type="DateTime" Name="CandC_ReviewDate" StaticName="CandC_ReviewDate" DisplayName="Review date" Description="Date for revision" Format="DateOnly" Required="FALSE" Group="Fresh Columns" SourceID="{{siteid}}"/>

        <Field ID="{a0eb6a43-aed9-4c3f-a01d-6afa3dc2a7e6}" Type="User" StaticName="CandC_ContentOwner" Name="CandC_ContentOwner" DisplayName="Content owner" Required="FALSE" Group="Fresh Columns" List="UserInfo" EnforceUniqueValues="FALSE" ShowField="ImnName" UserSelectionMode="PeopleOnly" UserSelectionScope="0" SourceID="{{siteid}}" />

      </pnp:SiteFields>
    </pnp:ProvisioningTemplate>
  </pnp:Templates>
</pnp:Provisioning>