﻿<?xml version="1.0"?>
<pnp:Provisioning xmlns:pnp="http://schemas.dev.office.com/PnP/2019/09/ProvisioningSchema">
  <pnp:Preferences Author="Fresh Team" Version="3.4" Generator="Fresh"/>
  <pnp:Templates ID="CONTAINER-FRESH-LOCATION-CONTENTTYPE">
    <pnp:ProvisioningTemplate ID="FRESH-LOCATION-CONTENTTYPE" DisplayName="Location content type" Version="1" BaseSiteTemplate="SITEPAGEPUBLISHING#0" Scope="RootSite">

      <pnp:SiteFields>
        <Field ID="{b96256e2-ca01-4880-a9b7-b52ed9146c1e}" Type="User" StaticName="CandC_MainContact" Name="CandC_MainContact" DisplayName="Main contact" Required="FALSE" Group="Fresh Columns" List="UserInfo" EnforceUniqueValues="FALSE" ShowField="ImnName" UserSelectionMode="PeopleOnly" UserSelectionScope="0" SourceID="{{siteid}}" />
        <Field DisplayName="Address" Format="Dropdown" Title="Address" Description="To use the Fresh Map web part please pick one of the suggested addresses" Type="Location" ID="{caa16c95-d8ce-414c-8033-1c954f832609}" SourceID="{{siteid}}" StaticName="CandC_Address" Name="CandC_Address" ColName="ntext9" RowOrdinal="0" Group="Fresh Columns" />
        <Field Type="Text" DisplayName="E-Mail" StaticName="CandC_EMail" Name="CandC_EMail" ID="{46864213-ec02-4283-9815-f783cba67762}" ShowInViewForms="TRUE" Required="FALSE" Hidden="FALSE" CanToggleHidden="TRUE" AllowDeletion="TRUE" FromBaseType="TRUE" Filterable="TRUE" Sortable="TRUE" SourceID="{{siteid}}" ColName="nvarchar22" RowOrdinal="0" Group="Fresh Columns" />
        <Field Type="Text" DisplayName="Fax Number" StaticName="CandC_FaxNumber" Name="CandC_FaxNumber" ID="{d5539a1a-6a73-4ff7-ae7e-bbdf298a1bfd}" ShowInViewForms="TRUE" Required="FALSE" Hidden="FALSE" CanToggleHidden="TRUE" AllowDeletion="TRUE" FromBaseType="TRUE" Filterable="TRUE" Sortable="TRUE" SourceID="{{siteid}}" ColName="nvarchar23" RowOrdinal="0" Group="Fresh Columns" />
      </pnp:SiteFields>

      <pnp:ContentTypes>
        <pnp:ContentType ID="0x0101009D1CB255DA76424F860D91F20E6C411800828408C9C0176F129C056045A9B7081F" Name="Location page" Description="" Group="Fresh Content Types" NewFormUrl="" EditFormUrl="" DisplayFormUrl="">
          <pnp:FieldRefs>
            <pnp:FieldRef ID="84641813-a20f-4c7b-8b3d-87720525551d" Name="CandC_Tax_1TaxHTField" Hidden="true" />
            <pnp:FieldRef ID="97d13533-fea9-4a34-a472-cdde2a29b5b4" Name="CandC_Tax_2TaxHTField" Hidden="true" />
            <pnp:FieldRef ID="2bdfadfd-1cd0-4226-87cd-a2e75d382585" Name="CandC_Tax_3TaxHTField" Hidden="true" />
            <pnp:FieldRef ID="90e85f51-4973-46c9-aea3-64075d8cd763" Name="CandC_Tax_4TaxHTField" Hidden="true" />
            <pnp:FieldRef ID="E14D4B64-1F8E-4D21-8BE9-53E28075F3BE" Name="CandC_Tax_5TaxHTField" Hidden="true" />
            <pnp:FieldRef ID="4B73AA45-441C-47F6-B9D3-3AFADC785A37" Name="CandC_Tax_6TaxHTField" Hidden="true" />
            <pnp:FieldRef ID="B9BBD514-7787-4A6D-A800-ADE0F4C6413F" Name="CandC_Tax_7TaxHTField" Hidden="true" />
            <pnp:FieldRef ID="C3540778-D1BF-4436-9067-23DC30229F96" Name="CandC_Tax_8TaxHTField" Hidden="true" />
            <pnp:FieldRef ID="f3b0adf9-c1a2-4b02-920d-943fba4b3611" Name="TaxCatchAll" Hidden="true" />
            <pnp:FieldRef ID="8f6b6dd8-9357-4019-8172-966fcd502ed2" Name="TaxCatchAllLabel" Hidden="true" />
            <pnp:FieldRef ID="f0f184d7-0b9b-444f-94bc-10343587c733" Name="CandC_Tax_1" />
            <pnp:FieldRef ID="6454b680-6f34-4f01-97ca-34334082f070" Name="CandC_Tax_2" />
            <pnp:FieldRef ID="759fb41c-e9f4-4f8d-a428-53bd45fa9de8" Name="CandC_Tax_3" />
            <pnp:FieldRef ID="7884c4a6-666a-4c96-8d95-b481dcac504b" Name="CandC_Tax_4" />
            <pnp:FieldRef ID="8EC7B074-A3BE-4541-ACC0-5FFDCCE0B2ED" Name="CandC_Tax_5" />
            <pnp:FieldRef ID="265A5956-1C57-4A67-958F-C252AEFD9F60" Name="CandC_Tax_6" />
            <pnp:FieldRef ID="95B187BC-B8E0-4CC3-9D90-48D038784E6D" Name="CandC_Tax_7" />
            <pnp:FieldRef ID="36CCCF54-ED80-4BEF-98CB-CA575C7AD017" Name="CandC_Tax_8" />
            <pnp:FieldRef ID="b96256e2-ca01-4880-a9b7-b52ed9146c1e" Name="CandC_MainContact" />
            <pnp:FieldRef ID="fd630629-c165-4513-b43c-fdb16b86a14d" Name="WorkPhone" />
            <pnp:FieldRef ID="46864213-ec02-4283-9815-f783cba67762" Name="CandC_EMail" />
            <pnp:FieldRef ID="d5539a1a-6a73-4ff7-ae7e-bbdf298a1bfd" Name="CandC_FaxNumber" />
            <pnp:FieldRef ID="caa16c95-d8ce-414c-8033-1c954f832609" Name="CandC_Address" />
            <pnp:FieldRef ID="f0b78a7d-5887-4c20-9df0-678d1e4309a3" Name="CandC_ReviewDate" />
            <pnp:FieldRef ID="a0eb6a43-aed9-4c3f-a01d-6afa3dc2a7e6" Name="CandC_ContentOwner" />
          </pnp:FieldRefs>
        </pnp:ContentType>
      </pnp:ContentTypes>

    </pnp:ProvisioningTemplate>
  </pnp:Templates>
</pnp:Provisioning>