<SearchConfigurationSettings xmlns:i="http://www.w3.org/2001/XMLSchema-instance"
  xmlns="http://schemas.datacontract.org/2004/07/Microsoft.Office.Server.Search.Portability">
  <SearchSchemaConfigurationSettings>

    <CategoriesAndCrawledProperties xmlns:d3p1="http://schemas.microsoft.com/2003/10/Serialization/Arrays">
      <d3p1:KeyValueOfguidCrawledPropertyInfoCollectionaSYUqUE_P>
        <d3p1:Key>ed280121-b677-4e2a-8fbc-0d9e2325b0a2</d3p1:Key>
        <d3p1:Value xmlns:d5p1="http://schemas.datacontract.org/2004/07/Microsoft.Office.Server.Search.Administration">
          <d5p1:dictionary>
            <d3p1:KeyValueOfstringCrawledPropertyInfoy6h3NzC8>
              <d3p1:Key>ows_SiteName</d3p1:Key>
              <d3p1:Value>
                <d5p1:Name>ows_SiteName</d5p1:Name>
                <d5p1:CategoryName>SharePoint</d5p1:CategoryName>
                <d5p1:IsImplicit>false</d5p1:IsImplicit>
                <d5p1:IsMappedToContents>true</d5p1:IsMappedToContents>
                <d5p1:IsNameEnum>false</d5p1:IsNameEnum>
                <d5p1:MappedManagedProperties />
                <d5p1:Propset>00130329-0000-0130-c000-000000131346</d5p1:Propset>
                <d5p1:Samples />
                <d5p1:SchemaId>0</d5p1:SchemaId>
              </d3p1:Value>
            </d3p1:KeyValueOfstringCrawledPropertyInfoy6h3NzC8>
          </d5p1:dictionary>
        </d3p1:Value>
      </d3p1:KeyValueOfguidCrawledPropertyInfoCollectionaSYUqUE_P>
    </CategoriesAndCrawledProperties>

    <CrawledProperties xmlns:d3p1="http://schemas.datacontract.org/2004/07/Microsoft.Office.Server.Search.Administration">
      <d3p1:LastItemName i:nil="true" />
      <d3p1:dictionary xmlns:d4p1="http://schemas.microsoft.com/2003/10/Serialization/Arrays" />
    </CrawledProperties>
    <ManagedProperties xmlns:d3p1="http://schemas.datacontract.org/2004/07/Microsoft.Office.Server.Search.Administration">
      <d3p1:LastItemName i:nil="true" />
      <d3p1:dictionary xmlns:d4p1="http://schemas.microsoft.com/2003/10/Serialization/Arrays" />
      <d3p1:TotalCount>0</d3p1:TotalCount>
    </ManagedProperties>

    <Mappings xmlns:d3p1="http://schemas.datacontract.org/2004/07/Microsoft.Office.Server.Search.Administration">
      <d3p1:dictionary xmlns:d4p1="http://schemas.microsoft.com/2003/10/Serialization/Arrays">
        <d4p1:KeyValueOfstringMappingInfoy6h3NzC8>
          <d4p1:Key>00130329-0000-0130-c000-000000131346:ows_SiteName-&gt;1000000020</d4p1:Key>
          <d4p1:Value>
            <d3p1:Name>00130329-0000-0130-c000-000000131346:ows_SiteName-&gt;1000000020</d3p1:Name>
            <d3p1:CrawledPropertyName>ows_SiteName</d3p1:CrawledPropertyName>
            <d3p1:CrawledPropset>00130329-0000-0130-c000-000000131346</d3p1:CrawledPropset>
            <d3p1:ManagedPid>1000000020</d3p1:ManagedPid>
            <d3p1:MappingOrder>100</d3p1:MappingOrder>
            <d3p1:SchemaId>0</d3p1:SchemaId>
          </d4p1:Value>
        </d4p1:KeyValueOfstringMappingInfoy6h3NzC8>
      </d3p1:dictionary>
    </Mappings>

  </SearchSchemaConfigurationSettings>
</SearchConfigurationSettings>
