﻿<?xml version="1.0"?>
<pnp:Provisioning xmlns:pnp="http://schemas.dev.office.com/PnP/2019/09/ProvisioningSchema">
  <pnp:Preferences Author="Fresh Team" Version="3.4" Generator="Fresh"/>
  <pnp:Templates ID="CONTAINER-FRESH-COMPANY-CONTENTTYPE">
    <pnp:ProvisioningTemplate ID="FRESH-COMPANY-CONTENTTYPE" Version="1" BaseSiteTemplate="SITEPAGEPUBLISHING#0" Scope="RootSite">
      <pnp:SiteFields>
        <Field ID="{b96256e2-ca01-4880-a9b7-b52ed9146c1e}" Type="User" StaticName="CandC_MainContact" Name="CandC_MainContact" DisplayName="Main contact" Required="FALSE" Group="Fresh Columns" List="UserInfo" EnforceUniqueValues="FALSE" ShowField="ImnName" UserSelectionMode="PeopleOnly" UserSelectionScope="0" SourceID="{{siteid}}">
        </Field>
      </pnp:SiteFields>

      <pnp:ContentTypes>
        <pnp:ContentType ID="0x0101009D1CB255DA76424F860D91F20E6C411800408C97081FC0177F129C056045A9B002" Name="Company page" Description="" Group="Fresh Content Types" NewFormUrl="" EditFormUrl="" DisplayFormUrl="">
          <pnp:FieldRefs>
            <pnp:FieldRef ID="84641813-a20f-4c7b-8b3d-87720525551d" Name="CandC_Tax_1TaxHTField" Hidden="true" />
            <pnp:FieldRef ID="97d13533-fea9-4a34-a472-cdde2a29b5b4" Name="CandC_Tax_2TaxHTField" Hidden="true" />
            <pnp:FieldRef ID="2bdfadfd-1cd0-4226-87cd-a2e75d382585" Name="CandC_Tax_3TaxHTField" Hidden="true" />
            <pnp:FieldRef ID="90e85f51-4973-46c9-aea3-64075d8cd763" Name="CandC_Tax_4TaxHTField" Hidden="true" />
            <pnp:FieldRef ID="E14D4B64-1F8E-4D21-8BE9-53E28075F3BE" Name="CandC_Tax_5TaxHTField" Hidden="true" />
            <pnp:FieldRef ID="4B73AA45-441C-47F6-B9D3-3AFADC785A37" Name="CandC_Tax_6TaxHTField" Hidden="true" />
            <pnp:FieldRef ID="B9BBD514-7787-4A6D-A800-ADE0F4C6413F" Name="CandC_Tax_7TaxHTField" Hidden="true" />
            <pnp:FieldRef ID="C3540778-D1BF-4436-9067-23DC30229F96" Name="CandC_Tax_8TaxHTField" Hidden="true" />
            <pnp:FieldRef ID="4B83B477-98B4-4171-A1A4-C88DA36D4A41" Name="CandC_Tax_9TaxHTField" Hidden="true" />
            <pnp:FieldRef ID="A5C46886-9631-470A-8DFE-DED24ED95CB9" Name="CandC_Tax_10TaxHTField" Hidden="true" />
            <pnp:FieldRef ID="f3b0adf9-c1a2-4b02-920d-943fba4b3611" Name="TaxCatchAll" Hidden="true" />
            <pnp:FieldRef ID="8f6b6dd8-9357-4019-8172-966fcd502ed2" Name="TaxCatchAllLabel" Hidden="true" />
            <pnp:FieldRef ID="f0f184d7-0b9b-444f-94bc-10343587c733" Name="CandC_Tax_1" />
            <pnp:FieldRef ID="6454b680-6f34-4f01-97ca-34334082f070" Name="CandC_Tax_2" />
            <pnp:FieldRef ID="759fb41c-e9f4-4f8d-a428-53bd45fa9de8" Name="CandC_Tax_3" />
            <pnp:FieldRef ID="7884c4a6-666a-4c96-8d95-b481dcac504b" Name="CandC_Tax_4" />
            <pnp:FieldRef ID="8EC7B074-A3BE-4541-ACC0-5FFDCCE0B2ED" Name="CandC_Tax_5" />
            <pnp:FieldRef ID="265A5956-1C57-4A67-958F-C252AEFD9F60" Name="CandC_Tax_6" />
            <pnp:FieldRef ID="95B187BC-B8E0-4CC3-9D90-48D038784E6D" Name="CandC_Tax_7" />
            <pnp:FieldRef ID="36CCCF54-ED80-4BEF-98CB-CA575C7AD017" Name="CandC_Tax_8" />
            <pnp:FieldRef ID="81DAB1E9-BF23-431A-894E-22AAA1B0DC17" Name="CandC_Tax_9" />
            <pnp:FieldRef ID="1B62C29A-9B19-45AC-8630-B0F6FCF2C32A" Name="CandC_Tax_10" />
            <pnp:FieldRef ID="b96256e2-ca01-4880-a9b7-b52ed9146c1e" Name="CandC_MainContact" />
            <pnp:FieldRef ID="f0b78a7d-5887-4c20-9df0-678d1e4309a3" Name="CandC_ReviewDate" />
            <pnp:FieldRef ID="a0eb6a43-aed9-4c3f-a01d-6afa3dc2a7e6" Name="CandC_ContentOwner" />
          </pnp:FieldRefs>
        </pnp:ContentType>
      </pnp:ContentTypes>

    </pnp:ProvisioningTemplate>
  </pnp:Templates>
</pnp:Provisioning>