<?xml version="1.0"?>
<pnp:Provisioning xmlns:pnp="http://schemas.dev.office.com/PnP/2019/09/ProvisioningSchema">
  <pnp:Preferences Author="Fresh Team" Version="3.4" Generator="Fresh"/>
  <pnp:Templates ID="CONTAINER-FRESH-CONTENTTYPE">
    <pnp:ProvisioningTemplate ID="FRESH-CONTENTTYPE" Version="1" BaseSiteTemplate="SITEPAGEPUBLISHING#0" Scope="RootSite">

      <pnp:ContentTypes>
        <pnp:ContentType ID="0x01010036DF8ACB058DF9489700B19236AAD594" Name="Fresh document" Description="" Group="Fresh Content Types" NewFormUrl="" EditFormUrl="" DisplayFormUrl="">
          <pnp:FieldRefs>
            <pnp:FieldRef ID="84641813-a20f-4c7b-8b3d-87720525551d" Name="CandC_Tax_1TaxHTField" Hidden="true" />
            <pnp:FieldRef ID="97d13533-fea9-4a34-a472-cdde2a29b5b4" Name="CandC_Tax_2TaxHTField" Hidden="true" />
            <pnp:FieldRef ID="2bdfadfd-1cd0-4226-87cd-a2e75d382585" Name="CandC_Tax_3TaxHTField" Hidden="true" />
            <pnp:FieldRef ID="90e85f51-4973-46c9-aea3-64075d8cd763" Name="CandC_Tax_4TaxHTField" Hidden="true" />
            <pnp:FieldRef ID="E14D4B64-1F8E-4D21-8BE9-53E28075F3BE" Name="CandC_Tax_5TaxHTField" Hidden="true" />
            <pnp:FieldRef ID="4B73AA45-441C-47F6-B9D3-3AFADC785A37" Name="CandC_Tax_6TaxHTField" Hidden="true" />
            <pnp:FieldRef ID="B9BBD514-7787-4A6D-A800-ADE0F4C6413F" Name="CandC_Tax_7TaxHTField" Hidden="true" />
            <pnp:FieldRef ID="C3540778-D1BF-4436-9067-23DC30229F96" Name="CandC_Tax_8TaxHTField" Hidden="true" />
            <pnp:FieldRef ID="f3b0adf9-c1a2-4b02-920d-943fba4b3611" Name="TaxCatchAll" Hidden="true" />
            <pnp:FieldRef ID="8f6b6dd8-9357-4019-8172-966fcd502ed2" Name="TaxCatchAllLabel" Hidden="true" />
            <pnp:FieldRef ID="f0f184d7-0b9b-444f-94bc-10343587c733" Name="CandC_Tax_1" />
            <pnp:FieldRef ID="6454b680-6f34-4f01-97ca-34334082f070" Name="CandC_Tax_2" />
            <pnp:FieldRef ID="759fb41c-e9f4-4f8d-a428-53bd45fa9de8" Name="CandC_Tax_3" />
            <pnp:FieldRef ID="7884c4a6-666a-4c96-8d95-b481dcac504b" Name="CandC_Tax_4" />
            <pnp:FieldRef ID="8EC7B074-A3BE-4541-ACC0-5FFDCCE0B2ED" Name="CandC_Tax_5" />
            <pnp:FieldRef ID="265A5956-1C57-4A67-958F-C252AEFD9F60" Name="CandC_Tax_6" />
            <pnp:FieldRef ID="95B187BC-B8E0-4CC3-9D90-48D038784E6D" Name="CandC_Tax_7" />
            <pnp:FieldRef ID="36CCCF54-ED80-4BEF-98CB-CA575C7AD017" Name="CandC_Tax_8" />
            <pnp:FieldRef ID="363a295e-1bb1-446c-a5bc-cf6fb65b2319" Name="CandC_Description" />
            <pnp:FieldRef ID="d3016d73-fe97-4e32-bd67-d9841e72d291" Name="CandC_Featured" />
            <pnp:FieldRef ID="f0b78a7d-5887-4c20-9df0-678d1e4309a3" Name="CandC_ReviewDate" />
            <pnp:FieldRef ID="a0eb6a43-aed9-4c3f-a01d-6afa3dc2a7e6" Name="CandC_ContentOwner" />
          </pnp:FieldRefs>
        </pnp:ContentType>
      </pnp:ContentTypes>
    </pnp:ProvisioningTemplate>
  </pnp:Templates>
</pnp:Provisioning>